{
  "run_metadata": {
    "seed": 12345,
    "num_turns": 23,
    "script_version": "1.0.0",
    "timestamp": "2026-01-30T22:46:28.764330+00:00"
  },
  "systems": {
    "plain_llm": {
      "belief_count_over_time": [
        0,
        0,
        0,
        0,
        0,
        0,
        0,
        0,
        0,
        0,
        0,
        0,
        0,
        0,
        0,
        0,
        0,
        0,
        0,
        0,
        0,
        0,
        0
      ],
      "contradiction_count_over_time": [
        0,
        0,
        0,
        0,
        0,
        0,
        0,
        0,
        0,
        0,
        0,
        0,
        0,
        0,
        0,
        0,
        0,
        0,
        0,
        0,
        0,
        0,
        0
      ],
      "belief_entropy_over_time": [
        0.0,
        0.0,
        0.0,
        0.0,
        0.0,
        0.0,
        0.0,
        0.0,
        0.0,
        0.0,
        0.0,
        0.0,
        0.0,
        0.0,
        0.0,
        0.0,
        0.0,
        0.0,
        0.0,
        0.0,
        0.0,
        0.0,
        0.0
      ]
    },
    "append_only": {
      "belief_count_over_time": [
        1,
        2,
        3,
        4,
        5,
        5,
        5,
        6,
        6,
        7,
        8,
        9,
        10,
        11,
        11,
        11,
        11,
        12,
        13,
        14,
        15,
        16,
        17
      ],
      "contradiction_count_over_time": [
        0,
        0,
        0,
        0,
        0,
        0,
        0,
        0,
        0,
        0,
        0,
        0,
        0,
        0,
        0,
        0,
        0,
        0,
        0,
        0,
        0,
        2,
        2
      ],
      "belief_entropy_over_time": [
        0.0,
        1.0,
        1.584962500721156,
        2.0,
        1.9219280948873623,
        1.9219280948873623,
        1.9219280948873623,
        2.2516291673878226,
        2.2516291673878226,
        2.5216406363433186,
        2.75,
        2.94770277922009,
        2.9219280948873623,
        2.9139770731827523,
        2.9139770731827523,
        2.9139770731827523,
        2.9139770731827523,
        2.9182958340544896,
        3.0850551027564768,
        3.039148671903071,
        3.006238928653389,
        3.1556390622295662,
        3.292770193936991
      ]
    },
    "belief_ecology": {
      "belief_count_over_time": [
        0,
        0,
        0,
        0,
        0,
        0,
        0,
        0,
        0,
        0,
        0,
        0,
        0,
        0,
        0,
        0,
        0,
        0,
        0,
        0,
        0,
        0,
        0
      ],
      "contradiction_count_over_time": [
        0,
        0,
        0,
        0,
        0,
        0,
        0,
        0,
        0,
        0,
        0,
        0,
        0,
        0,
        0,
        0,
        0,
        0,
        0,
        0,
        0,
        0,
        0
      ],
      "belief_entropy_over_time": [
        0.0,
        0.0,
        0.0,
        0.0,
        0.0,
        0.0,
        0.0,
        0.0,
        0.0,
        0.0,
        0.0,
        0.0,
        0.0,
        0.0,
        0.0,
        0.0,
        0.0,
        0.0,
        0.0,
        0.0,
        0.0,
        0.0,
        0.0
      ]
    }
  }
}